<workflow-app xmlns="uri:oozie:workflow:0.1" name="pivot3-workflow">
  <start to="pivot3"/>
  <action name="pivot3">
    <map-reduce>
      <job-tracker>${jobTracker}</job-tracker>
      <name-node>${nameNode}</name-node>
      <prepare>
        <delete path="${nameNode}/pivot3/out1"/>
      </prepare>
      <configuration>
        <property>
          <name>mapred.mapper.class</name>
          <value>Pivot3$Pivot3Mapper</value>
        </property>
        <property>
          <name>mapred.reducer.class</name>
          <value>Pivot3$Pivot3Reducer</value>
        </property>
        <property>
          <name>mapred.output.key.class</name>
          <value>org.apache.hadoop.io.Text</value>
        </property>
        <property>
          <name>mapred.output.value.class</name>
          <value>org.apache.hadoop.io.Text</value>
        </property>        
        <property>
          <name>mapred.input.dir</name>
          <value>/pivot3/in</value>
        </property>
        <property>
          <name>mapred.output.dir</name>
          <value>/pivot3/out1</value>
        </property>
      </configuration>
    </map-reduce>
    <ok to="fill"/>
		<error to="fail"/>
	</action>
<action name="fill">
	<map-reduce>
			<job-tracker>${jobTracker}</job-tracker>
			<name-node>${nameNode}</name-node>
<prepare>
			<delete path="${nameNode}/pivot3/out2"/>
		</prepare>
		<configuration>
			<property>
				<name>mapred.mapper.class</name>
				<value>Fill$FillMapper</value>
			</property>
			<property>
				<name>mapred.reducer.class</name>
				<value>Fill$FillReducer</value>
			</property>
			<property>
				<name>mapred.output.key.class</name>
				<value>org.apache.hadoop.io.Text</value>
			</property>
			<property>
				<name>mapred.output.value.class</name>
				<value>org.apache.hadoop.io.Text</value>
			</property>
			<property>
				<name>mapred.input.dir</name>
				<value>/pivot3/out1</value>
			</property>
			<property>
				<name>mapred.output.dir</name>
				<value>/pivot3/out2</value>
			</property>
		</configuration>
	</map-reduce>
    <ok to="end"/>
    <error to="fail"/>
  </action>
  <kill name="fail">
    <message>MapReduce failed, error message[${wf:errorMessage(wf:lastErrorNode())}]</message>
  </kill>
  <end name="end"/>
</workflow-app>
